round_time,league,round,player,song,artist,score
2025-09-14T20:02:18.000000+0000,Show me what you got,Awesome Obscurity,Fergus M,Cold To The Touch,NIGHT FLIGHT,4
2025-09-14T20:02:18.000000+0000,Show me what you got,Awesome Obscurity,Fred N,The Sound,The Heights,7
2025-09-14T20:02:18.000000+0000,Show me what you got,Awesome Obscurity,Jimbabwe,Night On My Mind,Sharky,14
2025-09-14T20:02:18.000000+0000,Show me what you got,Awesome Obscurity,MorbidlyObeseCat,Palais,Malcura,5
2025-09-14T20:02:18.000000+0000,Show me what you got,Awesome Obscurity,Peter L,hottest day on record,snake eyes,6
2025-09-14T20:02:18.000000+0000,Show me what you got,Awesome Obscurity,Sam Mil,"G, G for Goat",Psycho-Acoustic Goat,5
2025-09-14T20:02:18.000000+0000,Show me what you got,Awesome Obscurity,Sam Mit,Sweat,Supermilk,10
2025-09-14T20:02:18.000000+0000,Show me what you got,Awesome Obscurity,Solsti,Drawbridge & The Baroness,Bastille,2
2025-09-14T20:02:18.000000+0000,Show me what you got,Awesome Obscurity,harryg,Cellar Door,Joe Lean & The Jing Jang Jong,1
2025-09-14T20:02:18.000000+0000,Show me what you got,Awesome Obscurity,pollyannaw,Things Take Time,Denara,6
2025-09-17T20:48:40.000000+0000,Show me what you got,New Hotness,Fergus M,People Watching,Sam Fender,9
2025-09-17T20:48:40.000000+0000,Show me what you got,New Hotness,Fred N,Hallways,PUP,7
2025-09-17T20:48:40.000000+0000,Show me what you got,New Hotness,Jimbabwe,Golden,HUNTR/X,6
2025-09-17T20:48:40.000000+0000,Show me what you got,New Hotness,MorbidlyObeseCat,back to friends,sombr,5
2025-09-17T20:48:40.000000+0000,Show me what you got,New Hotness,Peter L,MODERN TIMES (feat. Jon Batiste),Jon Bellion,4
2025-09-17T20:48:40.000000+0000,Show me what you got,New Hotness,Sam Mil,I Love America And She Hates Me,The Wombats,5
2025-09-17T20:48:40.000000+0000,Show me what you got,New Hotness,Sam Mit,Possession,Ty Segall,7
2025-09-17T20:48:40.000000+0000,Show me what you got,New Hotness,Solsti,Gallows,blessthefall,4
2025-09-17T20:48:40.000000+0000,Show me what you got,New Hotness,harryg,Even In Arcadia,Sleep Token,10
2025-09-17T20:48:40.000000+0000,Show me what you got,New Hotness,pollyannaw,Favourite,Fontaines D.C.,3
2025-09-18T15:38:05.000000+0000,Show me what you got,Movie Soundtrack,Fergus M,"Danger Zone - From ""Top Gun"" Original Soundtrack",Kenny Loggins,12
2025-09-18T15:38:05.000000+0000,Show me what you got,Movie Soundtrack,Fred N,"Men In Black - From ""Men In Black"" Soundtrack",Will Smith,6
2025-09-18T15:38:05.000000+0000,Show me what you got,Movie Soundtrack,Jimbabwe,Sweet Disposition,The Temper Trap,5
2025-09-18T15:38:05.000000+0000,Show me what you got,Movie Soundtrack,Joshua W,Bellbottoms,The Jon Spencer Blues Explosion,3
2025-09-18T15:38:05.000000+0000,Show me what you got,Movie Soundtrack,MorbidlyObeseCat,Shallow,Lady Gaga,3
2025-09-18T15:38:05.000000+0000,Show me what you got,Movie Soundtrack,Peter L,The Power Of Love,Huey Lewis & The News,6
2025-09-18T15:38:05.000000+0000,Show me what you got,Movie Soundtrack,Sam Mil,"Clubbed to Death (From ""The Matrix"")",Robert D.,9
2025-09-18T15:38:05.000000+0000,Show me what you got,Movie Soundtrack,Sam Mit,"I Don't Want to Miss a Thing - From ""Armageddon"" Soundtrack",Aerosmith,9
2025-09-18T15:38:05.000000+0000,Show me what you got,Movie Soundtrack,Solsti,Pokémon Theme,Pokémon,0
2025-09-18T15:38:05.000000+0000,Show me what you got,Movie Soundtrack,harryg,Lose Yourself,Eminem,9
2025-09-18T15:38:05.000000+0000,Show me what you got,Movie Soundtrack,pollyannaw,Suddenly I See,KT Tunstall,4
2025-09-19T17:21:51.000000+0000,Show me what you got,"Thanks, Mum and Dad",Fergus M,Teenage Kicks,The Undertones,11
2025-09-19T17:21:51.000000+0000,Show me what you got,"Thanks, Mum and Dad",Fred N,Insomnia,Faithless,10
2025-09-19T17:21:51.000000+0000,Show me what you got,"Thanks, Mum and Dad",Jimbabwe,"What Is Love - 7"" Mix",Haddaway,5
2025-09-19T17:21:51.000000+0000,Show me what you got,"Thanks, Mum and Dad",Joshua W,Baggy Trousers - 2010 Remaster,Madness,8
2025-09-19T17:21:51.000000+0000,Show me what you got,"Thanks, Mum and Dad",MorbidlyObeseCat,Don't Speak,No Doubt,5
2025-09-19T17:21:51.000000+0000,Show me what you got,"Thanks, Mum and Dad",Peter L,I Want To Break Free - Single Remix,Queen,9
2025-09-19T17:21:51.000000+0000,Show me what you got,"Thanks, Mum and Dad",Sam Mil,Man! I Feel Like A Woman!,Shania Twain,5
2025-09-19T17:21:51.000000+0000,Show me what you got,"Thanks, Mum and Dad",Sam Mit,Warheads,Extreme,0
2025-09-19T17:21:51.000000+0000,Show me what you got,"Thanks, Mum and Dad",Solsti,So Lonely,The Police,3
2025-09-19T17:21:51.000000+0000,Show me what you got,"Thanks, Mum and Dad",harryg,Wish You Were Here,Pink Floyd,9
2025-09-19T17:21:51.000000+0000,Show me what you got,"Thanks, Mum and Dad",pollyannaw,The River of Dreams,Billy Joel,1
2025-09-20T23:39:39.000000+0000,Show me what you got,Duets,Fergus M,Jack Sparrow,The Lonely Island,2
2025-09-20T23:39:39.000000+0000,Show me what you got,Duets,Fred N,Somebody That I Used To Know,Gotye,10
2025-09-20T23:39:39.000000+0000,Show me what you got,Duets,Jimbabwe,Bring Me To Life - Remastered 2023,Evanescence,4
2025-09-20T23:39:39.000000+0000,Show me what you got,Duets,Josh B,Numb / Encore,JAŸ-Z,10
2025-09-20T23:39:39.000000+0000,Show me what you got,Duets,Joshua W,Devil Like You,The Bridge City Sinners,1
2025-09-20T23:39:39.000000+0000,Show me what you got,Duets,MorbidlyObeseCat,Die With A Smile,Lady Gaga,2
2025-09-20T23:39:39.000000+0000,Show me what you got,Duets,Peter L,Dead Ringer for Love (with Cher),Meat Loaf,0
2025-09-20T23:39:39.000000+0000,Show me what you got,Duets,Sam Mil,Take Me Back to London (feat. Stormzy),Ed Sheeran,3
2025-09-20T23:39:39.000000+0000,Show me what you got,Duets,Sam Mit,Under Pressure - Remastered 2011,Queen,17
2025-09-20T23:39:39.000000+0000,Show me what you got,Duets,Solsti,Fairytale of New York (feat. Kirsty MacColl),The Pogues,15
2025-09-20T23:39:39.000000+0000,Show me what you got,Duets,harryg,One Day The Only Butterflies Left Will Be In Your Chest As You March Towards Your Death (feat. Amy Lee),Bring Me The Horizon,2
2025-09-20T23:39:39.000000+0000,Show me what you got,Duets,pollyannaw,You've Got The Dirtee Love - Live At The Brit Awards / 2010,Florence + The Machine,6
2025-09-23T18:12:56.000000+0000,Show me what you got,Earworms,Fergus M,Number One Fan,MUNA,2
2025-09-23T18:12:56.000000+0000,Show me what you got,Earworms,Fred N,You Can Call Me Al,Paul Simon,10
2025-09-23T18:12:56.000000+0000,Show me what you got,Earworms,Jimbabwe,Baby Shark,Pinkfong,3
2025-09-23T18:12:56.000000+0000,Show me what you got,Earworms,Josh B,Starburster,Fontaines D.C.,2
2025-09-23T18:12:56.000000+0000,Show me what you got,Earworms,Joshua W,Symptoms,The Bad Haircuts,1
2025-09-23T18:12:56.000000+0000,Show me what you got,Earworms,Luke G,What's Up?,4 Non Blondes,9
2025-09-23T18:12:56.000000+0000,Show me what you got,Earworms,MorbidlyObeseCat,NIGHT DANCER,imase,5
2025-09-23T18:12:56.000000+0000,Show me what you got,Earworms,Peter L,Stacy's Mom,Fountains Of Wayne,8
2025-09-23T18:12:56.000000+0000,Show me what you got,Earworms,Sam Mil,Never Gonna Give You Up,Rick Astley,4
2025-09-23T18:12:56.000000+0000,Show me what you got,Earworms,Sam Mit,A Little Respect,Erasure,9
2025-09-23T18:12:56.000000+0000,Show me what you got,Earworms,Solsti,"Dear Maria, Count Me In",All Time Low,7
2025-09-23T18:12:56.000000+0000,Show me what you got,Earworms,harryg,Snacky In My Packy,Gabby's Dollhouse,11
2025-09-23T18:12:56.000000+0000,Show me what you got,Earworms,pollyannaw,You Spin Me Round (Like a Record),Dead Or Alive,7
2025-09-26T08:27:49.000000+0000,Show me what you got,Crank It Up!,Fergus M,The Kill,Thirty Seconds To Mars,4
2025-09-26T08:27:49.000000+0000,Show me what you got,Crank It Up!,Fred N,"You're Gonna Go Far, Kid",The Offspring,10
2025-09-26T08:27:49.000000+0000,Show me what you got,Crank It Up!,Jimbabwe,Chop Suey!,System Of A Down,10
2025-09-26T08:27:49.000000+0000,Show me what you got,Crank It Up!,Josh B,Unwritten,Natasha Bedingfield,9
2025-09-26T08:27:49.000000+0000,Show me what you got,Crank It Up!,Joshua W,Bassline Junkie,Dizzee Rascal,7
2025-09-26T08:27:49.000000+0000,Show me what you got,Crank It Up!,Luke G,Nu Delhi,Bloodywood,5
2025-09-26T08:27:49.000000+0000,Show me what you got,Crank It Up!,MorbidlyObeseCat,Borderline,Tame Impala,1
2025-09-26T08:27:49.000000+0000,Show me what you got,Crank It Up!,Peter L,Sleep Now In the Fire,Rage Against The Machine,1
2025-09-26T08:27:49.000000+0000,Show me what you got,Crank It Up!,Sam Mil,Teenage Dirtbag,Wheatus,6
2025-09-26T08:27:49.000000+0000,Show me what you got,Crank It Up!,Sam Mit,Breathe,The Prodigy,2
2025-09-26T08:27:49.000000+0000,Show me what you got,Crank It Up!,Solsti,Everytime We Touch,Cascada,12
2025-09-26T08:27:49.000000+0000,Show me what you got,Crank It Up!,harryg,Break Stuff,Limp Bizkit,3
2025-09-26T08:27:49.000000+0000,Show me what you got,Crank It Up!,pollyannaw,Supermassive Black Hole,Muse,8
2025-09-28T21:37:35.000000+0000,Show me what you got,Name Check,Fergus M,Jolene,Dolly Parton,12
2025-09-28T21:37:35.000000+0000,Show me what you got,Name Check,Fred N,Edward 40hands,Mom Jeans.,5
2025-09-28T21:37:35.000000+0000,Show me what you got,Name Check,Jimbabwe,Dani California,Red Hot Chili Peppers,7
2025-09-28T21:37:35.000000+0000,Show me what you got,Name Check,Josh B,Valerie,The Zutons,9
2025-09-28T21:37:35.000000+0000,Show me what you got,Name Check,Joshua W,Eleanor Rigby - Remastered 2009,The Beatles,5
2025-09-28T21:37:35.000000+0000,Show me what you got,Name Check,Luke G,"A Boy Named Sue - Live at San Quentin State Prison, San Quentin, CA - February 1969",Johnny Cash,6
2025-09-28T21:37:35.000000+0000,Show me what you got,Name Check,MorbidlyObeseCat,Stan,Eminem,7
2025-09-28T21:37:35.000000+0000,Show me what you got,Name Check,Peter L,My Name Is Jonas,Weezer,1
2025-09-28T21:37:35.000000+0000,Show me what you got,Name Check,Sam Mil,Hey There Delilah,Plain White T's,6
2025-09-28T21:37:35.000000+0000,Show me what you got,Name Check,Sam Mit,Angeline,Red Rum Club,7
2025-09-28T21:37:35.000000+0000,Show me what you got,Name Check,Solsti,Hey Jude,The Beatles,4
2025-09-28T21:37:35.000000+0000,Show me what you got,Name Check,harryg,John Wick,SOFT PLAY,1
2025-09-28T21:37:35.000000+0000,Show me what you got,Name Check,pollyannaw,Clint Eastwood,Gorillaz,8
2025-09-29T20:29:20.000000+0000,Show me what you got,Covers,Fergus M,All Along the Watchtower,Jimi Hendrix,10
2025-09-29T20:29:20.000000+0000,Show me what you got,Covers,Fred N,Word Up!,Korn,3
2025-09-29T20:29:20.000000+0000,Show me what you got,Covers,Jimbabwe,Heartbeats,José González,3
2025-09-29T20:29:20.000000+0000,Show me what you got,Covers,Josh B,Heaven,DJ Sammy,8
2025-09-29T20:29:20.000000+0000,Show me what you got,Covers,Joshua W,Black Sheep - Brie Larson Vocal Version,Metric,3
2025-09-29T20:29:20.000000+0000,Show me what you got,Covers,Luke G,The Man Who Sold The World - Live,Nirvana,3
2025-09-29T20:29:20.000000+0000,Show me what you got,Covers,MorbidlyObeseCat,"Your Song - From ""Moulin Rouge"" Soundtrack",Ewan McGregor,4
2025-09-29T20:29:20.000000+0000,Show me what you got,Covers,Peter L,Somewhere Over The Rainbow/What A Wonderful World,Israel Kamakawiwo'ole,10
2025-09-29T20:29:20.000000+0000,Show me what you got,Covers,Sam Mil,Hurt,Johnny Cash,14
2025-09-29T20:29:20.000000+0000,Show me what you got,Covers,Sam Mit,Louie Louie,Motörhead,2
2025-09-29T20:29:20.000000+0000,Show me what you got,Covers,Solsti,Live And Let Die,Guns N' Roses,6
2025-09-29T20:29:20.000000+0000,Show me what you got,Covers,harryg,Smooth Criminal,Alien Ant Farm,8
2025-09-29T20:29:20.000000+0000,Show me what you got,Covers,pollyannaw,Oh My God (feat. Lily Allen),Mark Ronson,4
2025-10-01T12:46:26.000000+0000,Show me what you got,Shorties,Fergus M,Bezos I,Bo Burnham,8
2025-10-01T12:46:26.000000+0000,Show me what you got,Shorties,Fred N,Perception Check,Tom Cardy,7
2025-10-01T12:46:26.000000+0000,Show me what you got,Shorties,Jimbabwe,All I Want,The Offspring,5
2025-10-01T12:46:26.000000+0000,Show me what you got,Shorties,Josh B,United States Of Whatever,Liam Lynch,10
2025-10-01T12:46:26.000000+0000,Show me what you got,Shorties,Joshua W,Balloons,Secondhand Sound,6
2025-10-01T12:46:26.000000+0000,Show me what you got,Shorties,Luke G,Hit the Road Jack,Ray Charles,14
2025-10-01T12:46:26.000000+0000,Show me what you got,Shorties,MorbidlyObeseCat,BAD!,XXXTENTACION,0
2025-10-01T12:46:26.000000+0000,Show me what you got,Shorties,Peter L,Fascist Bob,SOAPBOX,9
2025-10-01T12:46:26.000000+0000,Show me what you got,Shorties,Sam Mil,Soldier Side - Intro,System Of A Down,3
2025-10-01T12:46:26.000000+0000,Show me what you got,Shorties,Sam Mit,No Hope,PUP,1
2025-10-01T12:46:26.000000+0000,Show me what you got,Shorties,Solsti,A New Beginning,Good Charlotte,4
2025-10-01T12:46:26.000000+0000,Show me what you got,Shorties,harryg,The Clap,The Chats,7
2025-10-01T12:46:26.000000+0000,Show me what you got,Shorties,pollyannaw,Barbie World (with Aqua),Nicki Minaj,4
2025-10-10T08:15:49.000000+0000,Jamie is a soft boy,He did what?,Fergus M,Smooth Criminal - 2012 Remaster,Michael Jackson,-2
2025-10-10T08:15:49.000000+0000,Jamie is a soft boy,He did what?,Fred N,Ignition - Remix,R. Kelly,13
2025-10-10T08:15:49.000000+0000,Jamie is a soft boy,He did what?,Jimbabwe,Jesus Christ,Brand New,12
2025-10-10T08:15:49.000000+0000,Jamie is a soft boy,He did what?,Joe,SHINOBI VS DRAGON NINJA,lostprophets,2
2025-10-10T08:15:49.000000+0000,Jamie is a soft boy,He did what?,Josh B,Ni**as In Paris,JAŸ-Z,8
2025-10-10T08:15:49.000000+0000,Jamie is a soft boy,He did what?,Joshua W,When Doves Cry,Prince,-5
2025-10-10T08:15:49.000000+0000,Jamie is a soft boy,He did what?,Luke G,Two Little Boys,Rolf Harris,12
2025-10-10T08:15:49.000000+0000,Jamie is a soft boy,He did what?,MorbidlyObeseCat,Love Lockdown,Kanye West,2
2025-10-10T08:15:49.000000+0000,Jamie is a soft boy,He did what?,Peter L,"I'll Be Missing You (feat. Faith Evans, 112)",Diddy,7
2025-10-10T08:15:49.000000+0000,Jamie is a soft boy,He did what?,Sam Mil,H.O.O.D,KNEECAP,-2
2025-10-10T08:15:49.000000+0000,Jamie is a soft boy,He did what?,Sam Mit,First of the Gang to Die,Morrissey,0
2025-10-10T08:15:49.000000+0000,Jamie is a soft boy,He did what?,Solsti,Feed Em to the Lions,Solo 45,0
2025-10-10T08:15:49.000000+0000,Jamie is a soft boy,He did what?,harryg,The Beautiful People,Marilyn Manson,5
2025-10-12T18:02:59.000000+0000,Jamie is a soft boy,Dirty foreigners,Fergus M,Hoppípolla,Sigur Rós,4
2025-10-12T18:02:59.000000+0000,Jamie is a soft boy,Dirty foreigners,Fred N,Gasolina,Daddy Yankee,6
2025-10-12T18:02:59.000000+0000,Jamie is a soft boy,Dirty foreigners,Jimbabwe,Dragostea din tei,O-Zone,6
2025-10-12T18:02:59.000000+0000,Jamie is a soft boy,Dirty foreigners,Joe,ZITTI E BUONI,Måneskin,13
2025-10-12T18:02:59.000000+0000,Jamie is a soft boy,Dirty foreigners,Josh B,Du hast,Rammstein,4
2025-10-12T18:02:59.000000+0000,Jamie is a soft boy,Dirty foreigners,Joshua W,Guitar Pick,MEMI,-12
2025-10-12T18:02:59.000000+0000,Jamie is a soft boy,Dirty foreigners,Luke G,99 Luftballons,Nena,11
2025-10-12T18:02:59.000000+0000,Jamie is a soft boy,Dirty foreigners,MorbidlyObeseCat,La Bamba,Los Lobos,3
2025-10-12T18:02:59.000000+0000,Jamie is a soft boy,Dirty foreigners,Peter L,紅蓮華,LiSA,5
2025-10-12T18:02:59.000000+0000,Jamie is a soft boy,Dirty foreigners,Sam Mil,Vois sur ton chemin - Techno Mix,BENNETT,2
2025-10-12T18:02:59.000000+0000,Jamie is a soft boy,Dirty foreigners,Sam Mit,Sete,BLOND:ISH,5
2025-10-12T18:02:59.000000+0000,Jamie is a soft boy,Dirty foreigners,Solsti,Gangnam Style (강남스타일),PSY,0
2025-10-12T18:02:59.000000+0000,Jamie is a soft boy,Dirty foreigners,harryg,Megitsune,BABYMETAL,5
2025-10-17T10:49:19.000000+0000,Jamie is a soft boy,Deep Cuts,Fergus M,Cha-Ching (Till We Grow Older),Imagine Dragons,0
2025-10-17T10:49:19.000000+0000,Jamie is a soft boy,Deep Cuts,Fred N,Heart's All Gone,blink-182,8
2025-10-17T10:49:19.000000+0000,Jamie is a soft boy,Deep Cuts,Jimbabwe,"You're Crashing, But You're No Wave",Fall Out Boy,16
2025-10-17T10:49:19.000000+0000,Jamie is a soft boy,Deep Cuts,Joe,Flick Of The Wrist - Remastered 2011,Queen,1
2025-10-17T10:49:19.000000+0000,Jamie is a soft boy,Deep Cuts,Josh B,Ditmas,Mumford & Sons,-1
2025-10-17T10:49:19.000000+0000,Jamie is a soft boy,Deep Cuts,Joshua W,Habit,Pearl Jam,-2
2025-10-17T10:49:19.000000+0000,Jamie is a soft boy,Deep Cuts,Luke G,Without a Song,Alexander Armstrong,-3
2025-10-17T10:49:19.000000+0000,Jamie is a soft boy,Deep Cuts,MorbidlyObeseCat,The Trickster,Radiohead,13
2025-10-17T10:49:19.000000+0000,Jamie is a soft boy,Deep Cuts,Peter L,How Many Walls,Rise Against,3
2025-10-17T10:49:19.000000+0000,Jamie is a soft boy,Deep Cuts,Sam Mil,Our Perfect Disease,The Wombats,2
2025-10-17T10:49:19.000000+0000,Jamie is a soft boy,Deep Cuts,Sam Mit,Junior's Eyes - 2009 Remaster,Black Sabbath,10
2025-10-17T10:49:19.000000+0000,Jamie is a soft boy,Deep Cuts,Solsti,Magic Dance,David Bowie,-4
2025-10-17T10:49:19.000000+0000,Jamie is a soft boy,Deep Cuts,harryg,Another Hole in the Head,Nickelback,9
2025-10-21T11:11:21.000000+0000,Jamie is a soft boy,From the grave,Fergus M,Free Bird,Lynyrd Skynyrd,13
2025-10-21T11:11:21.000000+0000,Jamie is a soft boy,From the grave,Fred N,Faith - Remastered,George Michael,3
2025-10-21T11:11:21.000000+0000,Jamie is a soft boy,From the grave,Jimbabwe,Respect,Aretha Franklin,5
2025-10-21T11:11:21.000000+0000,Jamie is a soft boy,From the grave,Joe,Breed,Nirvana,1
2025-10-21T11:11:21.000000+0000,Jamie is a soft boy,From the grave,Josh B,Three Little Birds,Bob Marley & The Wailers,-1
2025-10-21T11:11:21.000000+0000,Jamie is a soft boy,From the grave,Joshua W,The Wind Cries Mary,Jimi Hendrix,-3
2025-10-21T11:11:21.000000+0000,Jamie is a soft boy,From the grave,Luke G,Make Your Own Kind Of Music,Cass Elliot,9
2025-10-21T11:11:21.000000+0000,Jamie is a soft boy,From the grave,MorbidlyObeseCat,Crazy Train,Ozzy Osbourne,6
2025-10-21T11:11:21.000000+0000,Jamie is a soft boy,From the grave,Peter L,Blitzkrieg Bop,Ramones,3
2025-10-21T11:11:21.000000+0000,Jamie is a soft boy,From the grave,Sam Mil,Numb,Linkin Park,-2
2025-10-21T11:11:21.000000+0000,Jamie is a soft boy,From the grave,Sam Mit,Hellraiser - 30th Anniversary Edition,Ozzy Osbourne,6
2025-10-21T11:11:21.000000+0000,Jamie is a soft boy,From the grave,Solsti,Love Will Tear Us Apart,Joy Division,7
2025-10-21T11:11:21.000000+0000,Jamie is a soft boy,From the grave,harryg,Boys That Sing,Viola Beach,5
2025-10-22T19:34:29.000000+0000,Jamie is a soft boy,A family affair,Fergus M,Jump - 2015 Remaster,Van Halen,8
2025-10-22T19:34:29.000000+0000,Jamie is a soft boy,A family affair,Fred N,Hayloft,Mother Mother,4
2025-10-22T19:34:29.000000+0000,Jamie is a soft boy,A family affair,Jimbabwe,Teenagers,My Chemical Romance,12
2025-10-22T19:34:29.000000+0000,Jamie is a soft boy,A family affair,Joe,The River,Good Charlotte,8
2025-10-22T19:34:29.000000+0000,Jamie is a soft boy,A family affair,Josh B,Black Chandelier,Biffy Clyro,2
2025-10-22T19:34:29.000000+0000,Jamie is a soft boy,A family affair,Joshua W,I Want You Back,The Jackson 5,5
2025-10-22T19:34:29.000000+0000,Jamie is a soft boy,A family affair,Luke G,Then I Met You,The Proclaimers,5
2025-10-22T19:34:29.000000+0000,Jamie is a soft boy,A family affair,MorbidlyObeseCat,Butterfly Fly Away,Miley Cyrus,-4
2025-10-22T19:34:29.000000+0000,Jamie is a soft boy,A family affair,Peter L,MMMBop,Hanson,3
2025-10-22T19:34:29.000000+0000,Jamie is a soft boy,A family affair,Sam Mil,Party Rock Anthem,LMFAO,8
2025-10-22T19:34:29.000000+0000,Jamie is a soft boy,A family affair,Sam Mit,Who's Laughing Now - LC Version,DURRY,5
2025-10-22T19:34:29.000000+0000,Jamie is a soft boy,A family affair,Solsti,Don't Look Back In Anger,Oasis,-1
2025-10-22T19:34:29.000000+0000,Jamie is a soft boy,A family affair,harryg,Molly's Chambers,Kings of Leon,-3
2025-10-25T10:23:16.000000+0000,Jamie is a soft boy,Freebird!,Fergus M,Comfortably Numb,Pink Floyd,0
2025-10-25T10:23:16.000000+0000,Jamie is a soft boy,Freebird!,Fred N,Rubber Bullets,10cc,-3
2025-10-25T10:23:16.000000+0000,Jamie is a soft boy,Freebird!,Jimbabwe,Instant Crush (feat. Julian Casablancas),Daft Punk,-1
2025-10-25T10:23:16.000000+0000,Jamie is a soft boy,Freebird!,Joe,Hail to the King,Avenged Sevenfold,10
2025-10-25T10:23:16.000000+0000,Jamie is a soft boy,Freebird!,Josh B,Hotel California - 2013 Remaster,Eagles,5
2025-10-25T10:23:16.000000+0000,Jamie is a soft boy,Freebird!,Joshua W,Crazy On You,Heart,8
2025-10-25T10:23:16.000000+0000,Jamie is a soft boy,Freebird!,Luke G,Angel Of Death,Slayer,-5
2025-10-25T10:23:16.000000+0000,Jamie is a soft boy,Freebird!,MorbidlyObeseCat,Hot for Teacher - 2015 Remaster,Van Halen,6
2025-10-25T10:23:16.000000+0000,Jamie is a soft boy,Freebird!,Peter L,Run to the Hills - 2015 Remaster,Iron Maiden,7
2025-10-25T10:23:16.000000+0000,Jamie is a soft boy,Freebird!,Sam Mil,Sweet Child O' Mine,Guns N' Roses,6
2025-10-25T10:23:16.000000+0000,Jamie is a soft boy,Freebird!,Sam Mit,25 or 6 to 4 - 2002 Remaster,Chicago,11
2025-10-25T10:23:16.000000+0000,Jamie is a soft boy,Freebird!,Solsti,Reapers,Muse,7
2025-10-25T10:23:16.000000+0000,Jamie is a soft boy,Freebird!,harryg,Awakening,Unleash The Archers,1
2025-10-28T19:17:37.000000+0000,Jamie is a soft boy,Worst (Best) songs to play at a funeral,Fergus M,Into the West,Annie Lennox,-9
2025-10-28T19:17:37.000000+0000,Jamie is a soft boy,Worst (Best) songs to play at a funeral,Fred N,Juggalo Homies,Insane Clown Posse,6
2025-10-28T19:17:37.000000+0000,Jamie is a soft boy,Worst (Best) songs to play at a funeral,Jimbabwe,Cell Block Tango,Catherine Zeta-Jones,1
2025-10-28T19:17:37.000000+0000,Jamie is a soft boy,Worst (Best) songs to play at a funeral,Joe,Funeral Derangements,Ice Nine Kills,1
2025-10-28T19:17:37.000000+0000,Jamie is a soft boy,Worst (Best) songs to play at a funeral,Josh B,Celebrate Good Times (Come On),Funktown America,8
2025-10-28T19:17:37.000000+0000,Jamie is a soft boy,Worst (Best) songs to play at a funeral,Joshua W,Ha Ha You're Dead,Green Day,8
2025-10-28T19:17:37.000000+0000,Jamie is a soft boy,Worst (Best) songs to play at a funeral,Luke G,C'Est La Vie,B*Witched,3
2025-10-28T19:17:37.000000+0000,Jamie is a soft boy,Worst (Best) songs to play at a funeral,MorbidlyObeseCat,Zombie,The Cranberries,14
2025-10-28T19:17:37.000000+0000,Jamie is a soft boy,Worst (Best) songs to play at a funeral,Peter L,Good Riddance (Time of Your Life),Green Day,7
2025-10-28T19:17:37.000000+0000,Jamie is a soft boy,Worst (Best) songs to play at a funeral,Sam Mil,TO HELL WE RIDE,lostprophets,-6
2025-10-28T19:17:37.000000+0000,Jamie is a soft boy,Worst (Best) songs to play at a funeral,Sam Mit,Jerkin',Amyl and The Sniffers,2
2025-10-28T19:17:37.000000+0000,Jamie is a soft boy,Worst (Best) songs to play at a funeral,Solsti,Always Look On The Bright Side Of Life,Monty Python,5
2025-10-28T19:17:37.000000+0000,Jamie is a soft boy,Worst (Best) songs to play at a funeral,harryg,Bye Bye Bye,*NSYNC,12
2025-11-01T12:14:24.000000+0000,Jamie is a soft boy,Fight the Power,Fergus M,Gimme Shelter - Remastered 2019,The Rolling Stones,3
2025-11-01T12:14:24.000000+0000,Jamie is a soft boy,Fight the Power,Fred N,Biko,Peter Gabriel,-3
2025-11-01T12:14:24.000000+0000,Jamie is a soft boy,Fight the Power,Jimbabwe,White People for Peace,Against Me!,6
2025-11-01T12:14:24.000000+0000,Jamie is a soft boy,Fight the Power,Joe,Viking Death March,Billy Talent,4
2025-11-01T12:14:24.000000+0000,Jamie is a soft boy,Fight the Power,Josh B,War,Edwin Starr,6
2025-11-01T12:14:24.000000+0000,Jamie is a soft boy,Fight the Power,Joshua W,Thugs,Kid Kapichi,6
2025-11-01T12:14:24.000000+0000,Jamie is a soft boy,Fight the Power,Luke G,Veteran,Ignite,4
2025-11-01T12:14:24.000000+0000,Jamie is a soft boy,Fight the Power,MorbidlyObeseCat,"Get Up, Stand Up",Bob Marley & The Wailers,-2
2025-11-01T12:14:24.000000+0000,Jamie is a soft boy,Fight the Power,Peter L,Killing In The Name,Rage Against The Machine,0
2025-11-01T12:14:24.000000+0000,Jamie is a soft boy,Fight the Power,Sam Mil,B.Y.O.B.,System Of A Down,0
2025-11-01T12:14:24.000000+0000,Jamie is a soft boy,Fight the Power,Sam Mit,Coal Not Dole,Ten Strings and a Goat Skin,9
2025-11-01T12:14:24.000000+0000,Jamie is a soft boy,Fight the Power,Solsti,Fuck Tha Police,N.W.A.,8
2025-11-01T12:14:24.000000+0000,Jamie is a soft boy,Fight the Power,harryg,Wenceslas,Gnome,11
2025-11-05T00:39:46.000000+0000,Jamie is a soft boy,You lot are fucking old,Fergus M,Sabotage,Beastie Boys,7
2025-11-05T00:39:46.000000+0000,Jamie is a soft boy,You lot are fucking old,Fred N,Self Esteem,The Offspring,4
2025-11-05T00:39:46.000000+0000,Jamie is a soft boy,You lot are fucking old,Jimbabwe,Interstate Love Song,Stone Temple Pilots,7
2025-11-05T00:39:46.000000+0000,Jamie is a soft boy,You lot are fucking old,Joe,Nutshell,Alice In Chains,-4
2025-11-05T00:39:46.000000+0000,Jamie is a soft boy,You lot are fucking old,Josh B,Hey Now (Girls Just Want to Have Fun),Cyndi Lauper,-1
2025-11-05T00:39:46.000000+0000,Jamie is a soft boy,You lot are fucking old,Joshua W,Black Hole Sun,Soundgarden,6
2025-11-05T00:39:46.000000+0000,Jamie is a soft boy,You lot are fucking old,Luke G,Saturday Night,Whigfield,-4
2025-11-05T00:39:46.000000+0000,Jamie is a soft boy,You lot are fucking old,MorbidlyObeseCat,Buddy Holly,Weezer,8
2025-11-05T00:39:46.000000+0000,Jamie is a soft boy,You lot are fucking old,Peter L,Loser,Beck,5
2025-11-05T00:39:46.000000+0000,Jamie is a soft boy,You lot are fucking old,Sam Mil,Girls & Boys,Blur,7
2025-11-05T00:39:46.000000+0000,Jamie is a soft boy,You lot are fucking old,Sam Mit,Kiss from a Rose,Seal,11
2025-11-05T00:39:46.000000+0000,Jamie is a soft boy,You lot are fucking old,Solsti,Always,Bon Jovi,2
2025-11-05T00:39:46.000000+0000,Jamie is a soft boy,You lot are fucking old,harryg,Basket Case,Green Day,4
2025-11-06T18:48:01.000000+0000,Jamie is a soft boy,Bow Chicka Wow Wow,Fergus M,Juno,Sabrina Carpenter,2
2025-11-06T18:48:01.000000+0000,Jamie is a soft boy,Bow Chicka Wow Wow,Fred N,I Touch Myself,Divinyls,8
2025-11-06T18:48:01.000000+0000,Jamie is a soft boy,Bow Chicka Wow Wow,Jimbabwe,The Bad Touch,Bloodhound Gang,9
2025-11-06T18:48:01.000000+0000,Jamie is a soft boy,Bow Chicka Wow Wow,Joe,Gloryhole,Steel Panther,2
2025-11-06T18:48:01.000000+0000,Jamie is a soft boy,Bow Chicka Wow Wow,Josh B,21 Seconds,So Solid Crew,-5
2025-11-06T18:48:01.000000+0000,Jamie is a soft boy,Bow Chicka Wow Wow,Joshua W,Closer,Nine Inch Nails,0
2025-11-06T18:48:01.000000+0000,Jamie is a soft boy,Bow Chicka Wow Wow,Luke G,Hit Me with Your Rhythm Stick,Ian Dury,5
2025-11-06T18:48:01.000000+0000,Jamie is a soft boy,Bow Chicka Wow Wow,MorbidlyObeseCat,Gimme More,Britney Spears,7
2025-11-06T18:48:01.000000+0000,Jamie is a soft boy,Bow Chicka Wow Wow,Peter L,Often,The Weeknd,3
2025-11-06T18:48:01.000000+0000,Jamie is a soft boy,Bow Chicka Wow Wow,Sam Mil,Sexy And I Know It,LMFAO,0
2025-11-06T18:48:01.000000+0000,Jamie is a soft boy,Bow Chicka Wow Wow,Sam Mit,Theme From Shaft - Remastered 2009,Isaac Hayes,10
2025-11-06T18:48:01.000000+0000,Jamie is a soft boy,Bow Chicka Wow Wow,Solsti,Sit On My Face,Monty Python,1
2025-11-06T18:48:01.000000+0000,Jamie is a soft boy,Bow Chicka Wow Wow,harryg,The Loophole,Garfunkel and Oates,10
2025-11-11T20:41:00.000000+0000,Jamie is a soft boy,Hottest record,Fergus M,360,Charli xcx,-2
2025-11-11T20:41:00.000000+0000,Jamie is a soft boy,Hottest record,Fred N,Teenage Dream,Katy Perry,10
2025-11-11T20:41:00.000000+0000,Jamie is a soft boy,Hottest record,Jimbabwe,"Whenever, Wherever",Shakira,9
2025-11-11T20:41:00.000000+0000,Jamie is a soft boy,Hottest record,Joe,St. Patrick,PVRIS,7
2025-11-11T20:41:00.000000+0000,Jamie is a soft boy,Hottest record,Josh B,Hips Don't Lie (feat. Wyclef Jean),Shakira,3
2025-11-11T20:41:00.000000+0000,Jamie is a soft boy,Hottest record,Joshua W,SUPERMODEL,Måneskin,10
2025-11-11T20:41:00.000000+0000,Jamie is a soft boy,Hottest record,Luke G,Be Good,Emily Kinney,3
2025-11-11T20:41:00.000000+0000,Jamie is a soft boy,Hottest record,MorbidlyObeseCat,1 Thing,Amerie,1
2025-11-11T20:41:00.000000+0000,Jamie is a soft boy,Hottest record,Peter L,Everything Burns,Dead Pony,0
2025-11-11T20:41:00.000000+0000,Jamie is a soft boy,Hottest record,Sam Mil,Lush Life,Zara Larsson,4
2025-11-11T20:41:00.000000+0000,Jamie is a soft boy,Hottest record,Sam Mit,Weatherman,Dead Sara,4
2025-11-11T20:41:00.000000+0000,Jamie is a soft boy,Hottest record,Solsti,Misery Business,Paramore,3
2025-11-11T20:41:00.000000+0000,Jamie is a soft boy,Hottest record,harryg,Pisces,Jinjer,0
2025-11-16T18:38:37.000000+0000,Jamie is a soft boy,Best Remix,Fergus M,Seven Nation Army - The Glitch Mob Remix,The White Stripes,3
2025-11-16T18:38:37.000000+0000,Jamie is a soft boy,Best Remix,Fred N,Crocodile Chop,Neil Cicierega Archive,-4
2025-11-16T18:38:37.000000+0000,Jamie is a soft boy,Best Remix,Jimbabwe,Hey Now - Bonobo Remix,London Grammar,8
2025-11-16T18:38:37.000000+0000,Jamie is a soft boy,Best Remix,Joe,Ppr:kut (Cheapshot and Jubacca Reanimation) [feat. Rasco and Planet Asia],Linkin Park,2
2025-11-16T18:38:37.000000+0000,Jamie is a soft boy,Best Remix,Josh B,Day 'N' Nite - Crookers Remix,Kid Cudi,3
2025-11-16T18:38:37.000000+0000,Jamie is a soft boy,Best Remix,Joshua W,Pour the Milk,Robbie Doherty,-1
2025-11-16T18:38:37.000000+0000,Jamie is a soft boy,Best Remix,Luke G,This Girl (Kungs Vs. Cookin' On 3 Burners),Kungs,8
2025-11-16T18:38:37.000000+0000,Jamie is a soft boy,Best Remix,MorbidlyObeseCat,Solitude - Felsmann + Tiley Reinterpretation,M83,2
2025-11-16T18:38:37.000000+0000,Jamie is a soft boy,Best Remix,Peter L,Nothing Breaks Like a Heart (feat. Miley Cyrus) - Don Diablo Remix,Mark Ronson,4
2025-11-16T18:38:37.000000+0000,Jamie is a soft boy,Best Remix,Sam Mil,Prayer in C - Robin Schulz Radio Edit,Lilly Wood and The Prick,9
2025-11-16T18:38:37.000000+0000,Jamie is a soft boy,Best Remix,Sam Mit,19-2000 - Soulchild Remix,Gorillaz,15
2025-11-16T18:38:37.000000+0000,Jamie is a soft boy,Best Remix,Solsti,Sexual Healing - Kygo Radio Edit,Marvin Gaye,5
2025-11-16T18:38:37.000000+0000,Jamie is a soft boy,Best Remix,harryg,You Wanna Know - Club Sex Mix,DON BROCO,-2
2025-11-21T16:43:03.000000+0000,Jamie is a soft boy,Song from a video game soundtrack.,Fergus M,Blow Me Away,Breaking Benjamin,5
2025-11-21T16:43:03.000000+0000,Jamie is a soft boy,Song from a video game soundtrack.,Fred N,Spyro 1 Main Theme (Orbit),Stewart Copeland,8
2025-11-21T16:43:03.000000+0000,Jamie is a soft boy,Song from a video game soundtrack.,Jimbabwe,I Am Gonna Claw (Out Your Eyes Then Drown You to Death),Darren Korb,5
2025-11-21T16:43:03.000000+0000,Jamie is a soft boy,Song from a video game soundtrack.,Joe,Lumière,Lorien Testard,4
2025-11-21T16:43:03.000000+0000,Jamie is a soft boy,Song from a video game soundtrack.,Josh B,Get Low,Lil Jon & The East Side Boyz,-5
2025-11-21T16:43:03.000000+0000,Jamie is a soft boy,Song from a video game soundtrack.,Joshua W,Divinitus,Jeff van Dyck,5
2025-11-21T16:43:03.000000+0000,Jamie is a soft boy,Song from a video game soundtrack.,Luke G,Hands Open,Snow Patrol,-10
2025-11-21T16:43:03.000000+0000,Jamie is a soft boy,Song from a video game soundtrack.,MorbidlyObeseCat,Big Blue / Decide in the Eyes (F-Zero X),Daniel Tidwell,0
2025-11-21T16:43:03.000000+0000,Jamie is a soft boy,Song from a video game soundtrack.,Peter L,A Cup of Liber-tea (Helldivers 2 Main Theme),"Wilbert Roget, II",11
2025-11-21T16:43:03.000000+0000,Jamie is a soft boy,Song from a video game soundtrack.,Sam Mil,Morrowind Recomposed: The Elder Scrolls III Theme,Jeremy Soule,10
2025-11-21T16:43:03.000000+0000,Jamie is a soft boy,Song from a video game soundtrack.,Sam Mit,The Rebel Path,P.T. Adamczyk,13
2025-11-21T16:43:03.000000+0000,Jamie is a soft boy,Song from a video game soundtrack.,Solsti,Mario Kart Double Dash Theme,Mark the Hammer,-4
2025-11-21T16:43:03.000000+0000,Jamie is a soft boy,Song from a video game soundtrack.,harryg,At Doom's Gate,Mick Gordon,10
2026-01-04T16:20:34.000000+0000,Montage League,Waking up,Fergus M,All Star,Smash Mouth,5
2026-01-04T16:20:34.000000+0000,Montage League,Waking up,Fred N,Arizona,Carter Vail,3
2026-01-04T16:20:34.000000+0000,Montage League,Waking up,Jimbabwe,Summerland,half•alive,5
2026-01-04T16:20:34.000000+0000,Montage League,Waking up,Joe,Wake Up,Rage Against The Machine,1
2026-01-04T16:20:34.000000+0000,Montage League,Waking up,Josh B,Wake Me Up Before You Go-Go,Wham!,2
2026-01-04T16:20:34.000000+0000,Montage League,Waking up,Joshua W,Are You Gonna Be My Girl,Jet,2
2026-01-04T16:20:34.000000+0000,Montage League,Waking up,Luke G,Sunshine Of Your Love,Cream,3
2026-01-04T16:20:34.000000+0000,Montage League,Waking up,MorbidlyObeseCat,Have A Nice Day,Stereophonics,6
2026-01-04T16:20:34.000000+0000,Montage League,Waking up,Sam Mil,Everywhere I Go,Hollywood Undead,3
2026-01-04T16:20:34.000000+0000,Montage League,Waking up,Sam Mit,Break on Through (To the Other Side) - New Stereo Mix,The Doors,5
2026-01-04T16:20:34.000000+0000,Montage League,Waking up,Solsti,Grace Kelly,MIKA,2
2026-01-04T16:20:34.000000+0000,Montage League,Waking up,harryg,ONE OF US,FEVER 333,1
2026-01-04T16:20:34.000000+0000,Montage League,Waking up,pollyannaw,One Day Like This,Elbow,1
2026-01-07T20:09:23.000000+0000,Montage League,At the gym,Fergus M,POWER,Kanye West,4
2026-01-07T20:09:23.000000+0000,Montage League,At the gym,Fred N,Naked Pictures (Of Your Mother),Electric Six,2
2026-01-07T20:09:23.000000+0000,Montage League,At the gym,Jimbabwe,Work It - Soulwax Remix,Marie Davidson,0
2026-01-07T20:09:23.000000+0000,Montage League,At the gym,Joe,2nd Sucks,A Day To Remember,1
2026-01-07T20:09:23.000000+0000,Montage League,At the gym,Josh B,Live To Win,Paul Stanley,5
2026-01-07T20:09:23.000000+0000,Montage League,At the gym,Joshua W,Gimme! Gimme! Gimme!,NOTNORTH,0
2026-01-07T20:09:23.000000+0000,Montage League,At the gym,Luke G,That Don't Impress Me Much,Shania Twain,2
2026-01-07T20:09:23.000000+0000,Montage League,At the gym,MorbidlyObeseCat,"Right Here, Right Now",Fatboy Slim,5
2026-01-07T20:09:23.000000+0000,Montage League,At the gym,Peter L,Energy,Avelino,0
2026-01-07T20:09:23.000000+0000,Montage League,At the gym,Sam Mil,Call on Me - Radio Mix,Eric Prydz,5
2026-01-07T20:09:23.000000+0000,Montage League,At the gym,Sam Mit,Ace Trap,BLOW 3.0,2
2026-01-07T20:09:23.000000+0000,Montage League,At the gym,Solsti,Watch The World Burn,Falling In Reverse,2
2026-01-07T20:09:23.000000+0000,Montage League,At the gym,harryg,Pump It,Electric Callboy,6
2026-01-07T20:09:23.000000+0000,Montage League,At the gym,pollyannaw,Von dutch,Charli xcx,8
2026-01-10T14:19:22.000000+0000,Montage League,At work,Fergus M,Superman,Lazlo Bane,5
2026-01-10T14:19:22.000000+0000,Montage League,At work,Fred N,This Fucking Job,Drive-By Truckers,1
2026-01-10T14:19:22.000000+0000,Montage League,At work,Jimbabwe,Californication,Red Hot Chili Peppers,0
2026-01-10T14:19:22.000000+0000,Montage League,At work,Joe,High Hopes,Panic! At The Disco,1
2026-01-10T14:19:22.000000+0000,Montage League,At work,Josh B,DARE,Gorillaz,3
2026-01-10T14:19:22.000000+0000,Montage League,At work,Joshua W,Sixteen Tons,Tennessee Ernie Ford,6
2026-01-10T14:19:22.000000+0000,Montage League,At work,Luke G,Hey Julie,Fountains Of Wayne,7
2026-01-10T14:19:22.000000+0000,Montage League,At work,MorbidlyObeseCat,Workin Man Blues,Merle Haggard,0
2026-01-10T14:19:22.000000+0000,Montage League,At work,Peter L,Liver Without You,Do It Later,1
2026-01-10T14:19:22.000000+0000,Montage League,At work,Sam Mil,Opportunities (Let's Make Lots of Money) - 2018 Remaster,Pet Shop Boys,2
2026-01-10T14:19:22.000000+0000,Montage League,At work,Sam Mit,Money (That's What I Want),Kingsmen,3
2026-01-10T14:19:22.000000+0000,Montage League,At work,Solsti,Sweetness,Jimmy Eat World,1
2026-01-10T14:19:22.000000+0000,Montage League,At work,harryg,Cold Reactor,Everything Everything,8
2026-01-10T14:19:22.000000+0000,Montage League,At work,pollyannaw,Daydream In Blue,I Monster,4
2026-01-13T16:05:51.000000+0000,Montage League,Family time,Fergus M,The Veldt - Radio Edit,deadmau5,2
2026-01-13T16:05:51.000000+0000,Montage League,Family time,Fred N,When You're Ready,Brian Fallon,3
2026-01-13T16:05:51.000000+0000,Montage League,Family time,Jimbabwe,The Happy Song,Imogen Heap,1
2026-01-13T16:05:51.000000+0000,Montage League,Family time,Joe,Futures,Jimmy Eat World,3
2026-01-13T16:05:51.000000+0000,Montage League,Family time,Josh B,Learn to Fly,Foo Fighters,7
2026-01-13T16:05:51.000000+0000,Montage League,Family time,Joshua W,Our House,"Crosby, Stills, Nash & Young",3
2026-01-13T16:05:51.000000+0000,Montage League,Family time,Luke G,Changes - 2015 Remaster,David Bowie,6
2026-01-13T16:05:51.000000+0000,Montage League,Family time,MorbidlyObeseCat,Special Brew,Bad Manners,2
2026-01-13T16:05:51.000000+0000,Montage League,Family time,Peter L,I Must Be Dreaming,KNOWER,0
2026-01-13T16:05:51.000000+0000,Montage League,Family time,Sam Mil,Summer Holiday,Cliff Richard & The Shadows,2
2026-01-13T16:05:51.000000+0000,Montage League,Family time,Sam Mit,Not Today,Reality Club,3
2026-01-13T16:05:51.000000+0000,Montage League,Family time,Solsti,Good Day,Twenty One Pilots,2
2026-01-13T16:05:51.000000+0000,Montage League,Family time,harryg,Stay Together For The Kids,blink-182,5
2026-01-13T16:05:51.000000+0000,Montage League,Family time,pollyannaw,I Will Follow You into the Dark,Death Cab for Cutie,3
2026-01-16T20:15:26.000000+0000,Montage League,Making dinner,Fergus M,In the Hall of the Mountain King,Trent Reznor and Atticus Ross,1
2026-01-16T20:15:26.000000+0000,Montage League,Making dinner,Fred N,Snacky In My Packy,Gabby's Dollhouse,1
2026-01-16T20:15:26.000000+0000,Montage League,Making dinner,Jimbabwe,Papa Loves Mambo,Perry Como,4
2026-01-16T20:15:26.000000+0000,Montage League,Making dinner,Joe,Chic 'N' Stu,System Of A Down,4
2026-01-16T20:15:26.000000+0000,Montage League,Making dinner,Josh B,The Girl From Ipanema - 2008 Remastered,Frank Sinatra,4
2026-01-16T20:15:26.000000+0000,Montage League,Making dinner,Joshua W,Jump in the Line,Harry Belafonte,6
2026-01-16T20:15:26.000000+0000,Montage League,Making dinner,Luke G,It's Not Unusual,Tom Jones,1
2026-01-16T20:15:26.000000+0000,Montage League,Making dinner,MorbidlyObeseCat,Weapon of Choice,Fatboy Slim,5
2026-01-16T20:15:26.000000+0000,Montage League,Making dinner,Peter L,Brown Sugar,The Rolling Stones,1
2026-01-16T20:15:26.000000+0000,Montage League,Making dinner,Sam Mil,Turn,The Wombats,1
2026-01-16T20:15:26.000000+0000,Montage League,Making dinner,Sam Mit,Deceptacon,Le Tigre,6
2026-01-16T20:15:26.000000+0000,Montage League,Making dinner,Solsti,Heat Waves,Glass Animals,1
2026-01-16T20:15:26.000000+0000,Montage League,Making dinner,harryg,Health Is Wealth,Bob Vylan,5
2026-01-16T20:15:26.000000+0000,Montage League,Making dinner,pollyannaw,Send Me On My Way,Rusted Root,2
2026-01-20T19:32:43.000000+0000,Montage League,Pre-drinks,Fergus M,TiK ToK,Kesha,3
2026-01-20T19:32:43.000000+0000,Montage League,Pre-drinks,Fred N,Roll Me Through The Gates Of Hell,Mischief Brew,1
2026-01-20T19:32:43.000000+0000,Montage League,Pre-drinks,Jimbabwe,Tunak Tunak Tun,Daler Mehndi,2
2026-01-20T19:32:43.000000+0000,Montage League,Pre-drinks,Joe,All My Best Friends Are Metalheads,Less Than Jake,3
2026-01-20T19:32:43.000000+0000,Montage League,Pre-drinks,Josh B,Fat Lip,Sum 41,6
2026-01-20T19:32:43.000000+0000,Montage League,Pre-drinks,Joshua W,I Predict A Riot,Kaiser Chiefs,3
2026-01-20T19:32:43.000000+0000,Montage League,Pre-drinks,Luke G,Handsome Devils Club,Pure Love,3
2026-01-20T19:32:43.000000+0000,Montage League,Pre-drinks,MorbidlyObeseCat,Shooting Stars,Bag Raiders,4
2026-01-20T19:32:43.000000+0000,Montage League,Pre-drinks,Peter L,Dance Wiv Me - Radio Edit,Dizzee Rascal,4
2026-01-20T19:32:43.000000+0000,Montage League,Pre-drinks,Sam Mil,Cigaro,System Of A Down,0
2026-01-20T19:32:43.000000+0000,Montage League,Pre-drinks,Sam Mit,Invaders Must Die,The Prodigy,2
2026-01-20T19:32:43.000000+0000,Montage League,Pre-drinks,Solsti,The Anthem,Good Charlotte,4
2026-01-20T19:32:43.000000+0000,Montage League,Pre-drinks,harryg,Roxanne,The Police,4
2026-01-20T19:32:43.000000+0000,Montage League,Pre-drinks,pollyannaw,Run Up (feat. PARTYNEXTDOOR & Nicki Minaj),Major Lazer,3
2026-01-24T20:01:35.000000+0000,Montage League,In the club,Fergus M,Shut Up and Dance,WALK THE MOON,3
2026-01-24T20:01:35.000000+0000,Montage League,In the club,Fred N,Baby's On Fire,Die Antwoord,1
2026-01-24T20:01:35.000000+0000,Montage League,In the club,Joe,Never Wanted To Dance,Mindless Self Indulgence,2
2026-01-24T20:01:35.000000+0000,Montage League,In the club,Josh B,Promiscuous,Nelly Furtado,3
2026-01-24T20:01:35.000000+0000,Montage League,In the club,Joshua W,Mr. Brightside,The Killers,0
2026-01-24T20:01:35.000000+0000,Montage League,In the club,Luke G,Extreme Ways,Moby,2
2026-01-24T20:01:35.000000+0000,Montage League,In the club,MorbidlyObeseCat,Step Ahead (feat. Hola Vano),Liu,1
2026-01-24T20:01:35.000000+0000,Montage League,In the club,Peter L,Freed From Desire,Gala,5
2026-01-24T20:01:35.000000+0000,Montage League,In the club,Sam Mil,I Only Smoke When I Drink,nimino,3
2026-01-24T20:01:35.000000+0000,Montage League,In the club,Sam Mit,Invaders Must Die,The Prodigy,4
2026-01-24T20:01:35.000000+0000,Montage League,In the club,Solsti,Get Low,Lil Jon & The East Side Boyz,5
2026-01-24T20:01:35.000000+0000,Montage League,In the club,harryg,Ne Touche Pas Moi,IDLES,2
2026-01-24T20:01:35.000000+0000,Montage League,In the club,pollyannaw,We Are Your Friends - Justice Vs Simian,Justice,5
2026-01-27T21:15:41.000000+0000,Montage League,The morning after,Fergus M,Boulevard of Broken Dreams,Green Day,4
2026-01-27T21:15:41.000000+0000,Montage League,The morning after,Fred N,St. Christopher Is Coming Home,Frank Turner,3
2026-01-27T21:15:41.000000+0000,Montage League,The morning after,Jimbabwe,Mr. Blue Sky,Electric Light Orchestra,3
2026-01-27T21:15:41.000000+0000,Montage League,The morning after,Joe,Doomsday,Architects,3
2026-01-27T21:15:41.000000+0000,Montage League,The morning after,Josh B,Oh No,Wet Leg,4
2026-01-27T21:15:41.000000+0000,Montage League,The morning after,Joshua W,Don't Mug Yourself,The Streets,3
2026-01-27T21:15:41.000000+0000,Montage League,The morning after,Luke G,To Build A Home,The Cinematic Orchestra,3
2026-01-27T21:15:41.000000+0000,Montage League,The morning after,MorbidlyObeseCat,SUNRISE,Sadboienola,1
2026-01-27T21:15:41.000000+0000,Montage League,The morning after,Peter L,The Fear,SOAPBOX,1
2026-01-27T21:15:41.000000+0000,Montage League,The morning after,Sam Mil,Here Comes the Anxiety,The Wombats,4
2026-01-27T21:15:41.000000+0000,Montage League,The morning after,Sam Mit,I Feel the Earth Move,Carole King,4
2026-01-27T21:15:41.000000+0000,Montage League,The morning after,Solsti,Do I Wanna Know?,Arctic Monkeys,3
2026-01-27T21:15:41.000000+0000,Montage League,The morning after,harryg,Call Me When You're Sober,Evanescence,1
2026-01-27T21:15:41.000000+0000,Montage League,The morning after,pollyannaw,back to friends,sombr,5
2026-02-04T19:35:48.000000+0000,Song for the Season,Spring,Fergus M,Slide,The Goo Goo Dolls,3
2026-02-04T19:35:48.000000+0000,Song for the Season,Spring,Fred N,Cutting My Fingers Off,Turnover,5
2026-02-04T19:35:48.000000+0000,Song for the Season,Spring,Joe,A Certain Shade of Green,Incubus,2
2026-02-04T19:35:48.000000+0000,Song for the Season,Spring,Joshua W,Bad News,Bilk,2
2026-02-04T19:35:48.000000+0000,Song for the Season,Spring,Luke G,American in Amsterdam,Wheatus,4
2026-02-04T19:35:48.000000+0000,Song for the Season,Spring,MorbidlyObeseCat,A Heart Like A Steel Trap,Dolorous,1
2026-02-04T19:35:48.000000+0000,Song for the Season,Spring,harryg,Nine in the Afternoon,Panic! At The Disco,4
2026-02-07T21:01:29.000000+0000,Song for the Season,Summer,Fergus M,Alive,Warbly Jets,1
2026-02-07T21:01:29.000000+0000,Song for the Season,Summer,Fred N,No Hablo Inglés,Bowling For Soup,3
2026-02-07T21:01:29.000000+0000,Song for the Season,Summer,Jimbabwe,RUNAWAY,half•alive,2
2026-02-07T21:01:29.000000+0000,Song for the Season,Summer,Joe,Sunshine!,Beartooth,3
2026-02-07T21:01:29.000000+0000,Song for the Season,Summer,Joshua W,Hertz,Amyl and The Sniffers,6
2026-02-07T21:01:29.000000+0000,Song for the Season,Summer,Luke G,Loco in Acapulco,Four Tops,2
2026-02-07T21:01:29.000000+0000,Song for the Season,Summer,MorbidlyObeseCat,One Dance,Drake,1
2026-02-07T21:01:29.000000+0000,Song for the Season,Summer,Sam Mil,Heat Waves,Glass Animals,0
2026-02-07T21:01:29.000000+0000,Song for the Season,Summer,Sam Mit,Summer 3 - 2022,Max Richter,3
2026-02-07T21:01:29.000000+0000,Song for the Season,Summer,harryg,Wild Flowers,Frank Carter & The Rattlesnakes,6
2026-02-11T13:01:06.000000+0000,Song for the Season,Autumn,Fergus M,Wake Me up When September Ends,Green Day,4
2026-02-11T13:01:06.000000+0000,Song for the Season,Autumn,Fred N,The Boys Of Summer - Remastered 2024,Don Henley,5
2026-02-11T13:01:06.000000+0000,Song for the Season,Autumn,Jimbabwe,Back Around,half•alive,2
2026-02-11T13:01:06.000000+0000,Song for the Season,Autumn,Joe,Dance Macabre,Ghost,2
2026-02-11T13:01:06.000000+0000,Song for the Season,Autumn,Joshua W,Spooky,Dusty Springfield,5
2026-02-11T13:01:06.000000+0000,Song for the Season,Autumn,Luke G,Bad Moon Rising,Creedence Clearwater Revival,2
2026-02-11T13:01:06.000000+0000,Song for the Season,Autumn,MorbidlyObeseCat,Put Your Records On,Corinne Bailey Rae,2
2026-02-11T13:01:06.000000+0000,Song for the Season,Autumn,Sam Mil,All Signs Point To Lauderdale,A Day To Remember,2
2026-02-11T13:01:06.000000+0000,Song for the Season,Autumn,Sam Mit,Autumn 1 - 2022,Max Richter,2
2026-02-11T13:01:06.000000+0000,Song for the Season,Autumn,harryg,Grand Theft Autumn / Where Is Your Boy - Acoustic,Fall Out Boy,1
2026-02-15T12:49:40.000000+0000,Song for the Season,Winter,Fergus M,Bones of Ribbon,London Grammar,2
2026-02-15T12:49:40.000000+0000,Song for the Season,Winter,Fred N,The March of the Varangian Guard,Turisas,6
2026-02-15T12:49:40.000000+0000,Song for the Season,Winter,Jimbabwe,What's This?,Danny Elfman,3
2026-02-15T12:49:40.000000+0000,Song for the Season,Winter,Joe,Love Like Winter,AFI,0
2026-02-15T12:49:40.000000+0000,Song for the Season,Winter,Joshua W,Cold Cold Cold,Cage The Elephant,3
2026-02-15T12:49:40.000000+0000,Song for the Season,Winter,Luke G,Three Lions (It's Coming Home for Christmas),"Baddiel, Skinner & Lightning Seeds",1
2026-02-15T12:49:40.000000+0000,Song for the Season,Winter,MorbidlyObeseCat,California Dreamin',The Mamas & The Papas,4
2026-02-15T12:49:40.000000+0000,Song for the Season,Winter,Sam Mit,Winter 1 - 2022,Max Richter,6
2026-02-15T12:49:40.000000+0000,Song for the Season,Winter,harryg,Snow (Hey Oh),Red Hot Chili Peppers,2
2026-03-11T17:58:26.000000+0000,Basic League,Place,Fergus M,I Can Hardly Speak,Bombay Bicycle Club,3
2026-03-11T17:58:26.000000+0000,Basic League,Place,Fred N,Deutschland,Rammstein,4
2026-03-11T17:58:26.000000+0000,Basic League,Place,Joe,Walking in Memphis,Marc Cohn,6
2026-03-11T17:58:26.000000+0000,Basic League,Place,Josh B,Agape,Bear's Den,5
2026-03-11T17:58:26.000000+0000,Basic League,Place,Joshua W,Pompeii,Bastille,-1
2026-03-11T17:58:26.000000+0000,Basic League,Place,Luke G,Vienna,Ultravox,0
2026-03-11T17:58:26.000000+0000,Basic League,Place,MorbidlyObeseCat,Georgia on My Mind,Ray Charles,4
2026-03-11T17:58:26.000000+0000,Basic League,Place,Peter L,Barbershop,PLAY DEAD,-1
2026-03-11T17:58:26.000000+0000,Basic League,Place,Sam Mil,Moving to New York,The Wombats,6
2026-03-11T17:58:26.000000+0000,Basic League,Place,Sam Mit,Kyoto,Phoebe Bridgers,4
2026-03-11T17:58:26.000000+0000,Basic League,Place,[Left the league],Amsterdam,Nothing But Thieves,2
2026-03-11T17:58:26.000000+0000,Basic League,Place,harryg,Hunstanton Pier,Deaf Havana,4
2026-03-17T00:02:31.000000+0000,Basic League,Name,Fergus M,Baba O'Riley,The Who,3
2026-03-17T00:02:31.000000+0000,Basic League,Name,Fred N,Andrew in Drag,The Magnetic Fields,6
2026-03-17T00:02:31.000000+0000,Basic League,Name,Joe,Uma Thurman,Fall Out Boy,3
2026-03-17T00:02:31.000000+0000,Basic League,Name,Josh B,Ms. Jones,Sidney Bird,4
2026-03-17T00:02:31.000000+0000,Basic League,Name,Joshua W,Mother Mary,Tom Auton,3
2026-03-17T00:02:31.000000+0000,Basic League,Name,Luke G,If Bergkamp Can,JJ Bull,1
2026-03-17T00:02:31.000000+0000,Basic League,Name,MorbidlyObeseCat,"Father Kolbe's Preaching (from ""The Truman Show"")",Wojciech Kilar,3
2026-03-17T00:02:31.000000+0000,Basic League,Name,Peter L,Jackie Big Tits,The Kooks,2
2026-03-17T00:02:31.000000+0000,Basic League,Name,Sam Mil,Kate Moss,The Wombats,-1
2026-03-17T00:02:31.000000+0000,Basic League,Name,Sam Mit,Jenny Drinks,The Interrupters,-1
2026-03-17T00:02:31.000000+0000,Basic League,Name,[Left the league],Jenny Don't Be Hasty,Paolo Nutini,7
2026-03-17T00:02:31.000000+0000,Basic League,Name,harryg,Daisy Daisy,Sea Girls,3
2026-03-21T15:02:23.000000+0000,Basic League,Animal,Fergus M,Joker And The Thief,Wolfmother,9
2026-03-21T15:02:23.000000+0000,Basic League,Animal,Fred N,The Legend of Chavo Guerrero,The Mountain Goats,3
2026-03-21T15:02:23.000000+0000,Basic League,Animal,Joe,Boiled Frogs,Alexisonfire,-2
2026-03-21T15:02:23.000000+0000,Basic League,Animal,Josh B,Groceries,Mallrat,6
2026-03-21T15:02:23.000000+0000,Basic League,Animal,Joshua W,Sardines,Kid Kapichi,9
2026-03-21T15:02:23.000000+0000,Basic League,Animal,Luke G,Pass It On,The Coral,1
2026-03-21T15:02:23.000000+0000,Basic League,Animal,MorbidlyObeseCat,Duck Shoot,Rupert Gregson-Williams,0
2026-03-21T15:02:23.000000+0000,Basic League,Animal,Peter L,Sad Dance,Cat Company,2
2026-03-21T15:02:23.000000+0000,Basic League,Animal,Sam Mil,Cheetah Tongue,The Wombats,3
2026-03-21T15:02:23.000000+0000,Basic League,Animal,Sam Mit,Your Dog,Soccer Mommy,5
2026-03-21T15:02:23.000000+0000,Basic League,Animal,[Left the league],Little Lion Man,Mumford & Sons,-2
2026-03-21T15:02:23.000000+0000,Basic League,Animal,harryg,Gift Horse,IDLES,2
2026-03-26T08:04:11.000000+0000,Basic League,Colour,Fergus M,Green Light,Lorde,2
2026-03-26T08:04:11.000000+0000,Basic League,Colour,Fred N,Gold,Spandau Ballet,2
2026-03-26T08:04:11.000000+0000,Basic League,Colour,Joe,(Don't Fear) The Reaper,Blue Öyster Cult,8
2026-03-26T08:04:11.000000+0000,Basic League,Colour,Josh B,Powder Blue / Cascine Park,Yumi Zouma,1
2026-03-26T08:04:11.000000+0000,Basic League,Colour,Joshua W,Supermassive Black Hole,Muse,2
2026-03-26T08:04:11.000000+0000,Basic League,Colour,Luke G,Cream and Bastards Rise,Harvey Danger,5
2026-03-26T08:04:11.000000+0000,Basic League,Colour,MorbidlyObeseCat,Back To Black,Amy Winehouse,5
2026-03-26T08:04:11.000000+0000,Basic League,Colour,Peter L,Welcome to the Black Parade,My Chemical Romance,1
2026-03-26T08:04:11.000000+0000,Basic League,Colour,Sam Mil,Pink Lemonade,The Wombats,-1
2026-03-26T08:04:11.000000+0000,Basic League,Colour,harryg,Black Lungs,Architects,5
2026-04-01T00:01:56.000000+0000,Basic League,Job,Fergus M,Every Breath You Take,The Police,0
2026-04-01T00:01:56.000000+0000,Basic League,Job,Fred N,MilkMan,SteffComedy,1
2026-04-01T00:01:56.000000+0000,Basic League,Job,Joe,The Artist In The Ambulance,Thrice,7
2026-04-01T00:01:56.000000+0000,Basic League,Job,Josh B,Please Mr. Postman,Carpenters,3
2026-04-01T00:01:56.000000+0000,Basic League,Job,Joshua W,I Found Out,The Pigeon Detectives,1
2026-04-01T00:01:56.000000+0000,Basic League,Job,Luke G,Air Hostess,Busted,2
2026-04-01T00:01:56.000000+0000,Basic League,Job,MorbidlyObeseCat,Like Toy Soldiers,Eminem,3
2026-04-01T00:01:56.000000+0000,Basic League,Job,Peter L,Architects,Rise Against,4
2026-04-01T00:01:56.000000+0000,Basic League,Job,Sam Mil,Kill the Director,The Wombats,3
2026-04-01T00:01:56.000000+0000,Basic League,Job,Sam Mit,Sugar Man,Rodríguez,-2
2026-04-01T00:01:56.000000+0000,Basic League,Job,harryg,Actors,DON BROCO,5
2026-04-06T00:02:40.000000+0000,Basic League,Body Part,Fergus M,Gumshield,DON BROCO,4
2026-04-06T00:02:40.000000+0000,Basic League,Body Part,Fred N,Your Heart Is a Muscle the Size of Your Fist,Ramshackle Glory,-4
2026-04-06T00:02:40.000000+0000,Basic League,Body Part,Joe,(I Just) Died In Your Arms,Cutting Crew,5
2026-04-06T00:02:40.000000+0000,Basic League,Body Part,Josh B,Wet Dream,Wet Leg,7
2026-04-06T00:02:40.000000+0000,Basic League,Body Part,Joshua W,I Got Heaven,Mannequin Pussy,4
2026-04-06T00:02:40.000000+0000,Basic League,Body Part,Luke G,The Islands Have It,Bleeding Fingers,1
2026-04-06T00:02:40.000000+0000,Basic League,Body Part,MorbidlyObeseCat,Piece Of Your Heart,MEDUZA,2
2026-04-06T00:02:40.000000+0000,Basic League,Body Part,Peter L,Faces On The Wall,Dead Pony,4
2026-04-06T00:02:40.000000+0000,Basic League,Body Part,Sam Mil,My Head Is Not My Friend,The Wombats,-1
2026-04-06T00:02:40.000000+0000,Basic League,Body Part,Sam Mit,This Must Be the Place (Naive Melody) - 2005 Remaster,Talking Heads,5
2026-04-06T00:02:40.000000+0000,Basic League,Body Part,harryg,Big Dick Energy,Lambrini Girls,3
2026-04-09T18:03:06.000000+0000,Basic League,Verb,Fergus M,Kiss and Run,Quiet Houses,7
2026-04-09T18:03:06.000000+0000,Basic League,Verb,Fred N,Touching Yourself,The Japanese House,6
2026-04-09T18:03:06.000000+0000,Basic League,Verb,Joe,Everybody's Dancing and I Want to Die,Deaf Havana,2
2026-04-09T18:03:06.000000+0000,Basic League,Verb,Josh B,Breathe Life,Jack Garratt,1
2026-04-09T18:03:06.000000+0000,Basic League,Verb,Joshua W,Don't Kiss Me (I'm Infected),Kid Kapichi,3
2026-04-09T18:03:06.000000+0000,Basic League,Verb,Luke G,Say Say,Yur Mum,1
2026-04-09T18:03:06.000000+0000,Basic League,Verb,MorbidlyObeseCat,I'm Still Standing,Elton John,1
2026-04-09T18:03:06.000000+0000,Basic League,Verb,Peter L,Cool To Drive,Gallus,2
2026-04-09T18:03:06.000000+0000,Basic League,Verb,Sam Mil,Turn,The Wombats,3
2026-04-09T18:03:06.000000+0000,Basic League,Verb,Sam Mit,Go!,Public Service Broadcasting,4
2026-04-09T18:03:06.000000+0000,Basic League,Verb,harryg,Bite My Tongue,You Me At Six,3
2026-04-14T21:48:15.000000+0000,Basic League,Jamie’s round,Fergus M,Jamie All Over,Mayday Parade,4
2026-04-14T21:48:15.000000+0000,Basic League,Jamie’s round,Fred N,Gun,CHVRCHES,5
2026-04-14T21:48:15.000000+0000,Basic League,Jamie’s round,Joe,Like A Villain,Bad Omens,2
2026-04-14T21:48:15.000000+0000,Basic League,Jamie’s round,Josh B,Pegasus (ft. Phoebe Bridgers),Arlo Parks,3
2026-04-14T21:48:15.000000+0000,Basic League,Jamie’s round,Joshua W,Good Kind Of Dangerous,Flight Path,2
2026-04-14T21:48:15.000000+0000,Basic League,Jamie’s round,Luke G,Todd and Janelle,Wolfie's Just Fine,3
2026-04-14T21:48:15.000000+0000,Basic League,Jamie’s round,MorbidlyObeseCat,PROJECT: Yi,League of Legends,2
2026-04-14T21:48:15.000000+0000,Basic League,Jamie’s round,Sam Mil,Let's Dance to Joy Division,The Wombats,4
2026-04-14T21:48:15.000000+0000,Basic League,Jamie’s round,Sam Mit,Nightswimming,R.E.M.,6
2026-04-14T21:48:15.000000+0000,Basic League,Jamie’s round,harryg,Sheila,Jamie T,-1
2026-05-05T07:09:38.000000+0000,Personal League,Harry,Fergus M,Midnight Butterflies,Sea Girls,1
2026-05-05T07:09:38.000000+0000,Personal League,Harry,Fred N,Take It to the Limit - 2013 Remaster,Eagles,5
2026-05-05T07:09:38.000000+0000,Personal League,Harry,Joe,Time to Waste,Alkaline Trio,4
2026-05-05T07:09:38.000000+0000,Personal League,Harry,Josh B,Scar Tissue,Red Hot Chili Peppers,8
2026-05-05T07:09:38.000000+0000,Personal League,Harry,Joshua W,FORTUNE TELLER,Dumb Buoys Fishing Club,4
2026-05-05T07:09:38.000000+0000,Personal League,Harry,Luke G,Fields of Athenry,Dropkick Murphys,5
2026-05-05T07:09:38.000000+0000,Personal League,Harry,MorbidlyObeseCat,Witchcraft,Pendulum,10
2026-05-05T07:09:38.000000+0000,Personal League,Harry,Peter L,Sink Or Swim,SNAYX,3
2026-05-05T07:09:38.000000+0000,Personal League,Harry,Sam Mil,The Scientist,Coldplay,5
2026-05-05T07:09:38.000000+0000,Personal League,Harry,Sam Mit,Rasputin,Turisas,7
2026-05-05T07:09:38.000000+0000,Personal League,Harry,Solsti,Toothpaste Kisses,The Maccabees,2
2026-05-05T07:09:38.000000+0000,Personal League,Harry,harryg,Bonfire,The Hunna,6
2026-05-10T10:02:28.000000+0000,Personal League,Sam,Fergus M,I Wish I Was James Bond,Scouting For Girls,7
2026-05-10T10:02:28.000000+0000,Personal League,Sam,Fred N,I Took A Pill In Ibiza - Seeb Remix,Mike Posner,5
2026-05-10T10:02:28.000000+0000,Personal League,Sam,Joe,Books from Boxes,Maximo Park,11
2026-05-10T10:02:28.000000+0000,Personal League,Sam,Josh B,Feel Good Inc.,Gorillaz,3
2026-05-10T10:02:28.000000+0000,Personal League,Sam,Joshua W,Two Doors Down,Mystery Jets,6
2026-05-10T10:02:28.000000+0000,Personal League,Sam,Luke G,Whiteboy - Radio Edit,James,0
2026-05-10T10:02:28.000000+0000,Personal League,Sam,MorbidlyObeseCat,I Can Talk,Two Door Cinema Club,5
2026-05-10T10:02:28.000000+0000,Personal League,Sam,Peter L,This Girl (Kungs Vs. Cookin' On 3 Burners),Kungs,6
2026-05-10T10:02:28.000000+0000,Personal League,Sam,Sam Mil,Toe Rag,The Rifles,3
2026-05-10T10:02:28.000000+0000,Personal League,Sam,Sam Mit,Old Thing Back (feat. Ja Rule and Ralph Tresvant),Matoma,3
2026-05-10T10:02:28.000000+0000,Personal League,Sam,Solsti,Cheerleader (Felix Jaehn Remix) - Radio Edit,OMI,6
2026-05-10T10:02:28.000000+0000,Personal League,Sam,harryg,Men's Needs,The Cribs,5
2026-05-16T11:00:41.000000+0000,Personal League,Fred,Fergus M,Chocolate,The 1975,2
2026-05-16T11:00:41.000000+0000,Personal League,Fred,Fred N,Twin Size Mattress,The Front Bottoms,8
2026-05-16T11:00:41.000000+0000,Personal League,Fred,Joe,Boiler,Limp Bizkit,3
2026-05-16T11:00:41.000000+0000,Personal League,Fred,Josh B,Come As You Are,Nirvana,4
2026-05-16T11:00:41.000000+0000,Personal League,Fred,Joshua W,The Times They Are A-Changin',Bob Dylan,4
2026-05-16T11:00:41.000000+0000,Personal League,Fred,Luke G,Shut Up,blink-182,5
2026-05-16T11:00:41.000000+0000,Personal League,Fred,MorbidlyObeseCat,Fairytale of New York (feat. Kirsty MacColl),The Pogues,3
2026-05-16T11:00:41.000000+0000,Personal League,Fred,Peter L,Kickstart My Heart,Mötley Crüe,7
2026-05-16T11:00:41.000000+0000,Personal League,Fred,Sam Mit,Fishing,Sports Team,8
2026-05-16T11:00:41.000000+0000,Personal League,Fred,Solsti,Sweet Caroline,Neil Diamond,5
2026-05-16T11:00:41.000000+0000,Personal League,Fred,harryg,Let Me Entertain You,Robbie Williams,1
2026-05-20T18:37:49.000000+0000,Personal League,Henry,Fergus M,Shift,Andrew Arcadi,2
2026-05-20T18:37:49.000000+0000,Personal League,Henry,Fred N,Office Supplies,Steve Martin,6
2026-05-20T18:37:49.000000+0000,Personal League,Henry,Joe,G.O.A.T.,Polyphia,5
2026-05-20T18:37:49.000000+0000,Personal League,Henry,Josh B,Moon Valley,SLPSTRM,5
2026-05-20T18:37:49.000000+0000,Personal League,Henry,Joshua W,You Don't Know What Love Is,Cindy Bradley,3
2026-05-20T18:37:49.000000+0000,Personal League,Henry,Luke G,Cliffs Of Dover - Instrumental,Eric Johnson,2
2026-05-20T18:37:49.000000+0000,Personal League,Henry,MorbidlyObeseCat,Viking Kong,Racer X,4
2026-05-20T18:37:49.000000+0000,Personal League,Henry,Peter L,The Future Is Now,toe,4
2026-05-20T18:37:49.000000+0000,Personal League,Henry,Sam Mil,Sandstorm,Darude,2
2026-05-20T18:37:49.000000+0000,Personal League,Henry,Sam Mit,Difyrrwch,The Trials of Cato,18
2026-05-20T18:37:49.000000+0000,Personal League,Henry,Solsti,Sirius,The Alan Parsons Project,8
2026-05-20T18:37:49.000000+0000,Personal League,Henry,harryg,Light of the Seven,Ramin Djawadi,1
2026-05-25T06:35:47.000000+0000,Personal League,Joe,Fergus M,Lights Out,Breaking Benjamin,4
2026-05-25T06:35:47.000000+0000,Personal League,Joe,Fred N,Nobody,Skindred,6
2026-05-25T06:35:47.000000+0000,Personal League,Joe,Joe,Wild Eyes,Parkway Drive,6
2026-05-25T06:35:47.000000+0000,Personal League,Joe,Josh B,Immigrant Song - Remaster,Led Zeppelin,2
2026-05-25T06:35:47.000000+0000,Personal League,Joe,Joshua W,Act Violently,SOFT PLAY,2
2026-05-25T06:35:47.000000+0000,Personal League,Joe,Luke G,Big Talk,Warrant,1
2026-05-25T06:35:47.000000+0000,Personal League,Joe,MorbidlyObeseCat,Balls to the Wall,Accept,4
2026-05-25T06:35:47.000000+0000,Personal League,Joe,Peter L,Hail Destroyer,Cancer Bats,4
2026-05-25T06:35:47.000000+0000,Personal League,Joe,Sam Mil,Sugar,System Of A Down,6
2026-05-25T06:35:47.000000+0000,Personal League,Joe,Sam Mit,Yuve Yuve Yu,The HU,10
2026-05-25T06:35:47.000000+0000,Personal League,Joe,Solsti,Bodies,Drowning Pool,4
2026-05-25T06:35:47.000000+0000,Personal League,Joe,harryg,You Get One,The Plot In You,11
2026-05-27T17:34:33.000000+0000,Personal League,Fergus,Fergus M,Boyhood,The Japanese House,6
2026-05-27T17:34:33.000000+0000,Personal League,Fergus,Fred N,Say Something,A Great Big World,6
2026-05-27T17:34:33.000000+0000,Personal League,Fergus,Joe,To the Moon & Back,Savage Garden,4
2026-05-27T17:34:33.000000+0000,Personal League,Fergus,Josh B,touch tank - acoustic,quinnie,7
2026-05-27T17:34:33.000000+0000,Personal League,Fergus,Joshua W,From The Start,Laufey,3
2026-05-27T17:34:33.000000+0000,Personal League,Fergus,Luke G,Forever Lost,The Magic Numbers,2
2026-05-27T17:34:33.000000+0000,Personal League,Fergus,MorbidlyObeseCat,She's The One,Robbie Williams,5
2026-05-27T17:34:33.000000+0000,Personal League,Fergus,Peter L,相愛就是說了100次對不起,Crispy脆樂團,8
2026-05-27T17:34:33.000000+0000,Personal League,Fergus,Sam Mil,Flowers In The Window,Travis,5
2026-05-27T17:34:33.000000+0000,Personal League,Fergus,Sam Mit,Bite The Hand,boygenius,4
2026-05-27T17:34:33.000000+0000,Personal League,Fergus,Solsti,You're Beautiful,James Blunt,7
2026-05-27T17:34:33.000000+0000,Personal League,Fergus,harryg,Your Girlfriend,Blossoms,3
2026-06-01T15:14:29.000000+0000,Personal League,Pete,Fergus M,Bonkers,Dizzee Rascal,8
2026-06-01T15:14:29.000000+0000,Personal League,Pete,Fred N,Going to the Gym,Lethal Bizzle,9
2026-06-01T15:14:29.000000+0000,Personal League,Pete,Joe,Dusted,Astroid Boys,5
2026-06-01T15:14:29.000000+0000,Personal League,Pete,Josh B,Never Leave You - Single Version,Tinchy Stryder,5
2026-06-01T15:14:29.000000+0000,Personal League,Pete,Joshua W,German Whip,Meridian Dan,1
2026-06-01T15:14:29.000000+0000,Personal League,Pete,Luke G,Fortress Europe,Asian Dub Foundation,4
2026-06-01T15:14:29.000000+0000,Personal League,Pete,MorbidlyObeseCat,Talkin the Hardest,Giggs,3
2026-06-01T15:14:29.000000+0000,Personal League,Pete,Peter L,Disguise,Skepta,2
2026-06-01T15:14:29.000000+0000,Personal League,Pete,Sam Mil,Victory Lap,Fred again..,6
2026-06-01T15:14:29.000000+0000,Personal League,Pete,Sam Mit,She Drives Me Crazy,Fine Young Cannibals,2
2026-06-01T15:14:29.000000+0000,Personal League,Pete,Solsti,Bouff Daddy,J Hus,8
2026-06-01T15:14:29.000000+0000,Personal League,Pete,harryg,Ladbroke Grove,AJ Tracey,7
2026-06-09T19:36:50.000000+0000,Personal League,Luke,Fergus M,Wake Me Up,Avicii,4
2026-06-09T19:36:50.000000+0000,Personal League,Luke,Fred N,Ants In My Room,Carter Vail,9
2026-06-09T19:36:50.000000+0000,Personal League,Luke,Joe,Bullet,Hollywood Undead,2
2026-06-09T19:36:50.000000+0000,Personal League,Luke,Josh B,Sunchyme - Radio Edit,Dario G,5
2026-06-09T19:36:50.000000+0000,Personal League,Luke,Joshua W,So Damn Dangerous,Dea Matrona,7
2026-06-09T19:36:50.000000+0000,Personal League,Luke,Luke G,Gone in the Morning,Newton Faulkner,2
2026-06-09T19:36:50.000000+0000,Personal League,Luke,MorbidlyObeseCat,Moonlit,VØJ,4
2026-06-09T19:36:50.000000+0000,Personal League,Luke,Peter L,The Goodness (feat. Blessing Offor),TobyMac,0
2026-06-09T19:36:50.000000+0000,Personal League,Luke,Sam Mil,Glue,BICEP,8
2026-06-09T19:36:50.000000+0000,Personal League,Luke,Sam Mit,You Get What You Give,New Radicals,12
2026-06-09T19:36:50.000000+0000,Personal League,Luke,Solsti,Romantic - NOTD Remix,Stanaj,1
2026-06-09T19:36:50.000000+0000,Personal League,Luke,harryg,End of Suffering,Frank Carter & The Rattlesnakes,6
2026-06-15T18:00:17.000000+0000,Personal League,Barnett,Fergus M,Holiday,Green Day,9
2026-06-15T18:00:17.000000+0000,Personal League,Barnett,Fred N,Transgender Dysphoria Blues,Against Me!,4
2026-06-15T18:00:17.000000+0000,Personal League,Barnett,Joe,...Meltdown,Enter Shikari,2
2026-06-15T18:00:17.000000+0000,Personal League,Barnett,Josh B,Take That,Bob Vylan,2
2026-06-15T18:00:17.000000+0000,Personal League,Barnett,Joshua W,The Poor,Jesse Welles,10
2026-06-15T18:00:17.000000+0000,Personal League,Barnett,Luke G,The Best Ever Death Metal Band in Denton,The Mountain Goats,2
2026-06-15T18:00:17.000000+0000,Personal League,Barnett,MorbidlyObeseCat,Uprising,Muse,9
2026-06-15T18:00:17.000000+0000,Personal League,Barnett,Peter L,Tear The Facists Down,Woody Guthrie,5
2026-06-15T18:00:17.000000+0000,Personal League,Barnett,Sam Mil,The Times They Are A-Changin',Bob Dylan,1
2026-06-15T18:00:17.000000+0000,Personal League,Barnett,Sam Mit,Police Truck,Dead Kennedys,4
2026-06-15T18:00:17.000000+0000,Personal League,Barnett,Solsti,"Get Up, Stand Up",Bob Marley & The Wailers,0
2026-06-15T18:00:17.000000+0000,Personal League,Barnett,harryg,Company Culture,Lambrini Girls,7
2026-06-20T10:51:44.000000+0000,Personal League,Jack,Fergus M,Doomed,Bring Me The Horizon,2
2026-06-20T10:51:44.000000+0000,Personal League,Jack,Fred N,Alive With the Glory of Love,Say Anything,2
2026-06-20T10:51:44.000000+0000,Personal League,Jack,Joe,Roses for the Dead,Funeral For A Friend,5
2026-06-20T10:51:44.000000+0000,Personal League,Jack,Josh B,In the Shadows,The Rasmus,7
2026-06-20T10:51:44.000000+0000,Personal League,Jack,Joshua W,"Dear Maria, Count Me In",All Time Low,6
2026-06-20T10:51:44.000000+0000,Personal League,Jack,Luke G,Not Good Enough For Truth In Cliché,Escape the Fate,7
2026-06-20T10:51:44.000000+0000,Personal League,Jack,MorbidlyObeseCat,Misery Business,Paramore,3
2026-06-20T10:51:44.000000+0000,Personal League,Jack,Peter L,Famous Last Words,My Chemical Romance,4
2026-06-20T10:51:44.000000+0000,Personal League,Jack,Sam Mil,Nymphetamine Fix,Cradle Of Filth,1
2026-06-20T10:51:44.000000+0000,Personal League,Jack,Sam Mit,The Bird and the Worm,The Used,7
2026-06-20T10:51:44.000000+0000,Personal League,Jack,Solsti,Face Down,The Red Jumpsuit Apparatus,11
2026-06-20T10:51:44.000000+0000,Personal League,Jack,harryg,Cute Without The 'E' (Cut From The Team) - Remastered 2019,Taking Back Sunday,5
2026-06-25T19:19:31.000000+0000,Personal League,Mitchell,Fergus M,Kings And Queens,Thirty Seconds To Mars,10
2026-06-25T19:19:31.000000+0000,Personal League,Mitchell,Fred N,Love Is The Drug,Roxy Music,6
2026-06-25T19:19:31.000000+0000,Personal League,Mitchell,Joe,March of Mephisto (feat. Shagrath),Kamelot,6
2026-06-25T19:19:31.000000+0000,Personal League,Mitchell,Josh B,The Bad Touch,Bloodhound Gang,3
2026-06-25T19:19:31.000000+0000,Personal League,Mitchell,Joshua W,my strange addiction,Billie Eilish,6
2026-06-25T19:19:31.000000+0000,Personal League,Mitchell,Luke G,Scooby Snacks,Fun Lovin' Criminals,3
2026-06-25T19:19:31.000000+0000,Personal League,Mitchell,MorbidlyObeseCat,Thriller,Michael Jackson,4
2026-06-25T19:19:31.000000+0000,Personal League,Mitchell,Peter L,Messy Love,Mura Masa,0
2026-06-25T19:19:31.000000+0000,Personal League,Mitchell,Sam Mil,Ni**as In Paris,JAŸ-Z,2
2026-06-25T19:19:31.000000+0000,Personal League,Mitchell,Sam Mit,Riders on the Storm,The Doors,13
2026-06-25T19:19:31.000000+0000,Personal League,Mitchell,Solsti,Jack Sparrow,The Lonely Island,1
2026-06-25T19:19:31.000000+0000,Personal League,Mitchell,harryg,The Consequence,You Me At Six,6
2026-07-01T19:00:25.000000+0000,Personal League,Catlicker,Fergus M,Beautiful Day,U2,4
2026-07-01T19:00:25.000000+0000,Personal League,Catlicker,Fred N,Disorder,Joy Division,10
2026-07-01T19:00:25.000000+0000,Personal League,Catlicker,Joe,Animal I Have Become,Three Days Grace,3
2026-07-01T19:00:25.000000+0000,Personal League,Catlicker,Josh B,Halloween,Novo Amor,4
2026-07-01T19:00:25.000000+0000,Personal League,Catlicker,Joshua W,Life In a Glasshouse,Radiohead,6
2026-07-01T19:00:25.000000+0000,Personal League,Catlicker,Luke G,Eat You Alive,Limp Bizkit,6
2026-07-01T19:00:25.000000+0000,Personal League,Catlicker,MorbidlyObeseCat,She's Got Me Dancing,Tommy Sparks,4
2026-07-01T19:00:25.000000+0000,Personal League,Catlicker,Peter L,21 Seconds,So Solid Crew,2
2026-07-01T19:00:25.000000+0000,Personal League,Catlicker,Sam Mil,Paper Planes,M.I.A.,5
2026-07-01T19:00:25.000000+0000,Personal League,Catlicker,Sam Mit,Rule Britannia,Thomas Arne,0
2026-07-01T19:00:25.000000+0000,Personal League,Catlicker,Solsti,Hands Open,Snow Patrol,0
2026-07-01T19:00:25.000000+0000,Personal League,Catlicker,harryg,Punk Rock Loser,Viagra Boys,11
